{"cameraMode":{"drawMode":0,"name":"Shaded","section":"Shading Mode"},"sceneLighting":false,"audioPlay":false,"sceneViewState":{"showFog":true,"showMaterialUpdate":true,"showSkybox":true,"showFlares":true,"showImageEffects":true,"showParticleSystems":true},"in2DMode":false,"pivot":{"x":62.05835723876953,"y":5.5572710037231449,"z":334.46875},"rotation":{"x":-0.06168073043227196,"y":-0.7020576000213623,"z":0.06126714497804642,"w":-0.706793487071991},"size":13.540340423583985,"orthographic":false}